filepath,label
C:\Users\Xinyan Wu\Desktop\CNN study\pictures data\Cardigans\imgi_100_35b-2.jpg,Cardigans
C:\Users\Xinyan Wu\Desktop\CNN study\pictures data\Cardigans\imgi_101_35-1.jpg,Cardigans
C:\Users\Xinyan Wu\Desktop\CNN study\pictures data\Cardigans\imgi_102_35b-1.jpg,Cardigans
C:\Users\Xinyan Wu\Desktop\CNN study\pictures data\Cardigans\imgi_103_12-2.jpg,Cardigans
C:\Users\Xinyan Wu\Desktop\CNN study\pictures data\Cardigans\imgi_104_12b-2.jpg,Cardigans
C:\Users\Xinyan Wu\Desktop\CNN study\pictures data\Cardigans\imgi_105_12-1.jpg,Cardigans
C:\Users\Xinyan Wu\Desktop\CNN study\pictures data\Cardigans\imgi_106_12b-1.jpg,Cardigans
C:\Users\Xinyan Wu\Desktop\CNN study\pictures data\Cardigans\imgi_107_29-2.jpg,Cardigans
C:\Users\Xinyan Wu\Desktop\CNN study\pictures data\Cardigans\imgi_108_29b-2.jpg,Cardigans
C:\Users\Xinyan Wu\Desktop\CNN study\pictures data\Cardigans\imgi_109_29-1.jpg,Cardigans
C:\Users\Xinyan Wu\Desktop\CNN study\pictures data\Cardigans\imgi_110_29b-1.jpg,Cardigans
C:\Users\Xinyan Wu\Desktop\CNN study\pictures data\Cardigans\imgi_111_32-2.jpg,Cardigans
C:\Users\Xinyan Wu\Desktop\CNN study\pictures data\Cardigans\imgi_112_32b-2.jpg,Cardigans
C:\Users\Xinyan Wu\Desktop\CNN study\pictures data\Cardigans\imgi_113_32-1.jpg,Cardigans
C:\Users\Xinyan Wu\Desktop\CNN study\pictures data\Cardigans\imgi_114_32b-1.jpg,Cardigans
C:\Users\Xinyan Wu\Desktop\CNN study\pictures data\Cardigans\imgi_115_4-2.jpg,Cardigans
C:\Users\Xinyan Wu\Desktop\CNN study\pictures data\Cardigans\imgi_116_4b-2.jpg,Cardigans
C:\Users\Xinyan Wu\Desktop\CNN study\pictures data\Cardigans\imgi_117_4-1.jpg,Cardigans
C:\Users\Xinyan Wu\Desktop\CNN study\pictures data\Cardigans\imgi_118_4b-1.jpg,Cardigans
C:\Users\Xinyan Wu\Desktop\CNN study\pictures data\Cardigans\imgi_119_14-2.jpg,Cardigans
C:\Users\Xinyan Wu\Desktop\CNN study\pictures data\Cardigans\imgi_120_14b-2.jpg,Cardigans
C:\Users\Xinyan Wu\Desktop\CNN study\pictures data\Cardigans\imgi_121_14-1.jpg,Cardigans
C:\Users\Xinyan Wu\Desktop\CNN study\pictures data\Cardigans\imgi_122_14b-1.jpg,Cardigans
C:\Users\Xinyan Wu\Desktop\CNN study\pictures data\Cardigans\imgi_123_6-2.jpg,Cardigans
C:\Users\Xinyan Wu\Desktop\CNN study\pictures data\Cardigans\imgi_124_6b-2.jpg,Cardigans
C:\Users\Xinyan Wu\Desktop\CNN study\pictures data\Cardigans\imgi_125_6-1.jpg,Cardigans
C:\Users\Xinyan Wu\Desktop\CNN study\pictures data\Cardigans\imgi_126_6b-1.jpg,Cardigans
C:\Users\Xinyan Wu\Desktop\CNN study\pictures data\Cardigans\imgi_127_9d-2.jpg,Cardigans
C:\Users\Xinyan Wu\Desktop\CNN study\pictures data\Cardigans\imgi_128_9-2.jpg,Cardigans
C:\Users\Xinyan Wu\Desktop\CNN study\pictures data\Cardigans\imgi_129_9d-1.jpg,Cardigans
C:\Users\Xinyan Wu\Desktop\CNN study\pictures data\Cardigans\imgi_130_9-1.jpg,Cardigans
C:\Users\Xinyan Wu\Desktop\CNN study\pictures data\Cardigans\imgi_131_22-2.jpg,Cardigans
C:\Users\Xinyan Wu\Desktop\CNN study\pictures data\Cardigans\imgi_132_22b-2.jpg,Cardigans
C:\Users\Xinyan Wu\Desktop\CNN study\pictures data\Cardigans\imgi_133_22-1.jpg,Cardigans
C:\Users\Xinyan Wu\Desktop\CNN study\pictures data\Cardigans\imgi_134_22b-1.jpg,Cardigans
C:\Users\Xinyan Wu\Desktop\CNN study\pictures data\Cardigans\imgi_135_1e-2.jpg,Cardigans
C:\Users\Xinyan Wu\Desktop\CNN study\pictures data\Cardigans\imgi_136_1-2.jpg,Cardigans
C:\Users\Xinyan Wu\Desktop\CNN study\pictures data\Cardigans\imgi_137_1e-1.jpg,Cardigans
C:\Users\Xinyan Wu\Desktop\CNN study\pictures data\Cardigans\imgi_138_1-1.jpg,Cardigans
C:\Users\Xinyan Wu\Desktop\CNN study\pictures data\Cardigans\imgi_139_9-2.jpg,Cardigans
C:\Users\Xinyan Wu\Desktop\CNN study\pictures data\Cardigans\imgi_140_9b-2.jpg,Cardigans
C:\Users\Xinyan Wu\Desktop\CNN study\pictures data\Cardigans\imgi_141_9-1.jpg,Cardigans
C:\Users\Xinyan Wu\Desktop\CNN study\pictures data\Cardigans\imgi_142_9b-1.jpg,Cardigans
C:\Users\Xinyan Wu\Desktop\CNN study\pictures data\Cardigans\imgi_143_45-2.jpg,Cardigans
C:\Users\Xinyan Wu\Desktop\CNN study\pictures data\Cardigans\imgi_144_45b-2.jpg,Cardigans
C:\Users\Xinyan Wu\Desktop\CNN study\pictures data\Cardigans\imgi_145_45-1.jpg,Cardigans
C:\Users\Xinyan Wu\Desktop\CNN study\pictures data\Cardigans\imgi_146_45b-1.jpg,Cardigans
C:\Users\Xinyan Wu\Desktop\CNN study\pictures data\Cardigans\imgi_147_11d-2.jpg,Cardigans
C:\Users\Xinyan Wu\Desktop\CNN study\pictures data\Cardigans\imgi_148_11-2.jpg,Cardigans
C:\Users\Xinyan Wu\Desktop\CNN study\pictures data\Cardigans\imgi_149_11d-1.jpg,Cardigans
C:\Users\Xinyan Wu\Desktop\CNN study\pictures data\Cardigans\imgi_150_11-1.jpg,Cardigans
C:\Users\Xinyan Wu\Desktop\CNN study\pictures data\Cardigans\imgi_151_21-2.jpg,Cardigans
C:\Users\Xinyan Wu\Desktop\CNN study\pictures data\Cardigans\imgi_152_21b-2.jpg,Cardigans
C:\Users\Xinyan Wu\Desktop\CNN study\pictures data\Cardigans\imgi_153_21-1.jpg,Cardigans
C:\Users\Xinyan Wu\Desktop\CNN study\pictures data\Cardigans\imgi_154_21b-1.jpg,Cardigans
C:\Users\Xinyan Wu\Desktop\CNN study\pictures data\Cardigans\imgi_155_6b-2.jpg,Cardigans
C:\Users\Xinyan Wu\Desktop\CNN study\pictures data\Cardigans\imgi_156_6-2.jpg,Cardigans
C:\Users\Xinyan Wu\Desktop\CNN study\pictures data\Cardigans\imgi_157_6b-1.jpg,Cardigans
C:\Users\Xinyan Wu\Desktop\CNN study\pictures data\Cardigans\imgi_158_6-1.jpg,Cardigans
C:\Users\Xinyan Wu\Desktop\CNN study\pictures data\Cardigans\imgi_159_7-2.jpg,Cardigans
C:\Users\Xinyan Wu\Desktop\CNN study\pictures data\Cardigans\imgi_160_7b-2.jpg,Cardigans
C:\Users\Xinyan Wu\Desktop\CNN study\pictures data\Cardigans\imgi_161_7-1.jpg,Cardigans
C:\Users\Xinyan Wu\Desktop\CNN study\pictures data\Cardigans\imgi_162_7b-1.jpg,Cardigans
C:\Users\Xinyan Wu\Desktop\CNN study\pictures data\Cardigans\imgi_163_5-2.jpg,Cardigans
C:\Users\Xinyan Wu\Desktop\CNN study\pictures data\Cardigans\imgi_164_5-1.jpg,Cardigans
C:\Users\Xinyan Wu\Desktop\CNN study\pictures data\Cardigans\imgi_165_4-2.jpg,Cardigans
C:\Users\Xinyan Wu\Desktop\CNN study\pictures data\Cardigans\imgi_166_4b-2.jpg,Cardigans
C:\Users\Xinyan Wu\Desktop\CNN study\pictures data\Cardigans\imgi_167_4-1.jpg,Cardigans
C:\Users\Xinyan Wu\Desktop\CNN study\pictures data\Cardigans\imgi_168_4b-1.jpg,Cardigans
C:\Users\Xinyan Wu\Desktop\CNN study\pictures data\Cardigans\imgi_169_10-2.jpg,Cardigans
C:\Users\Xinyan Wu\Desktop\CNN study\pictures data\Cardigans\imgi_170_10b-2.jpg,Cardigans
C:\Users\Xinyan Wu\Desktop\CNN study\pictures data\Cardigans\imgi_171_10-1.jpg,Cardigans
C:\Users\Xinyan Wu\Desktop\CNN study\pictures data\Cardigans\imgi_172_10b-1.jpg,Cardigans
C:\Users\Xinyan Wu\Desktop\CNN study\pictures data\Cardigans\imgi_173_27b-2.jpg,Cardigans
C:\Users\Xinyan Wu\Desktop\CNN study\pictures data\Cardigans\imgi_174_27-2.jpg,Cardigans
C:\Users\Xinyan Wu\Desktop\CNN study\pictures data\Cardigans\imgi_175_27b-1.jpg,Cardigans
C:\Users\Xinyan Wu\Desktop\CNN study\pictures data\Cardigans\imgi_176_27-1.jpg,Cardigans
C:\Users\Xinyan Wu\Desktop\CNN study\pictures data\Cardigans\imgi_177_4-2.jpg,Cardigans
C:\Users\Xinyan Wu\Desktop\CNN study\pictures data\Cardigans\imgi_178_4b-2.jpg,Cardigans
C:\Users\Xinyan Wu\Desktop\CNN study\pictures data\Cardigans\imgi_179_4-1.jpg,Cardigans
C:\Users\Xinyan Wu\Desktop\CNN study\pictures data\Cardigans\imgi_180_4b-1.jpg,Cardigans
C:\Users\Xinyan Wu\Desktop\CNN study\pictures data\Cardigans\imgi_181_25-2.jpg,Cardigans
C:\Users\Xinyan Wu\Desktop\CNN study\pictures data\Cardigans\imgi_182_25b-2.jpg,Cardigans
C:\Users\Xinyan Wu\Desktop\CNN study\pictures data\Cardigans\imgi_183_25-1.jpg,Cardigans
C:\Users\Xinyan Wu\Desktop\CNN study\pictures data\Cardigans\imgi_184_25b-1.jpg,Cardigans
C:\Users\Xinyan Wu\Desktop\CNN study\pictures data\Cardigans\imgi_185_7-2.jpg,Cardigans
C:\Users\Xinyan Wu\Desktop\CNN study\pictures data\Cardigans\imgi_186_7b-2.jpg,Cardigans
C:\Users\Xinyan Wu\Desktop\CNN study\pictures data\Cardigans\imgi_187_7-1.jpg,Cardigans
C:\Users\Xinyan Wu\Desktop\CNN study\pictures data\Cardigans\imgi_188_7b-1.jpg,Cardigans
C:\Users\Xinyan Wu\Desktop\CNN study\pictures data\Cardigans\imgi_189_19-2.jpg,Cardigans
C:\Users\Xinyan Wu\Desktop\CNN study\pictures data\Cardigans\imgi_190_19b-2.jpg,Cardigans
C:\Users\Xinyan Wu\Desktop\CNN study\pictures data\Cardigans\imgi_191_19-1.jpg,Cardigans
C:\Users\Xinyan Wu\Desktop\CNN study\pictures data\Cardigans\imgi_192_19b-1.jpg,Cardigans
C:\Users\Xinyan Wu\Desktop\CNN study\pictures data\Cardigans\imgi_193_4-2.jpg,Cardigans
C:\Users\Xinyan Wu\Desktop\CNN study\pictures data\Cardigans\imgi_194_4b-2.jpg,Cardigans
C:\Users\Xinyan Wu\Desktop\CNN study\pictures data\Cardigans\imgi_195_4-1.jpg,Cardigans
C:\Users\Xinyan Wu\Desktop\CNN study\pictures data\Cardigans\imgi_196_4b-1.jpg,Cardigans
C:\Users\Xinyan Wu\Desktop\CNN study\pictures data\Cardigans\imgi_197_27c-2.jpg,Cardigans
C:\Users\Xinyan Wu\Desktop\CNN study\pictures data\Cardigans\imgi_198_27-2.jpg,Cardigans
C:\Users\Xinyan Wu\Desktop\CNN study\pictures data\Cardigans\imgi_199_27c-1.jpg,Cardigans
C:\Users\Xinyan Wu\Desktop\CNN study\pictures data\Cardigans\imgi_200_27-1.jpg,Cardigans
C:\Users\Xinyan Wu\Desktop\CNN study\pictures data\Cardigans\imgi_201_11-2.jpg,Cardigans
C:\Users\Xinyan Wu\Desktop\CNN study\pictures data\Cardigans\imgi_202_11b-2.jpg,Cardigans
C:\Users\Xinyan Wu\Desktop\CNN study\pictures data\Cardigans\imgi_203_11-1.jpg,Cardigans
C:\Users\Xinyan Wu\Desktop\CNN study\pictures data\Cardigans\imgi_204_11b-1.jpg,Cardigans
C:\Users\Xinyan Wu\Desktop\CNN study\pictures data\Cardigans\imgi_205_40-2.jpg,Cardigans
C:\Users\Xinyan Wu\Desktop\CNN study\pictures data\Cardigans\imgi_206_40-1.jpg,Cardigans
C:\Users\Xinyan Wu\Desktop\CNN study\pictures data\Cardigans\imgi_207_30-2.jpg,Cardigans
C:\Users\Xinyan Wu\Desktop\CNN study\pictures data\Cardigans\imgi_208_30b-2.jpg,Cardigans
C:\Users\Xinyan Wu\Desktop\CNN study\pictures data\Cardigans\imgi_209_30-1.jpg,Cardigans
C:\Users\Xinyan Wu\Desktop\CNN study\pictures data\Cardigans\imgi_210_30b-1.jpg,Cardigans
C:\Users\Xinyan Wu\Desktop\CNN study\pictures data\Cardigans\imgi_211_24-2.jpg,Cardigans
C:\Users\Xinyan Wu\Desktop\CNN study\pictures data\Cardigans\imgi_212_24b-2.jpg,Cardigans
C:\Users\Xinyan Wu\Desktop\CNN study\pictures data\Cardigans\imgi_213_24-1.jpg,Cardigans
C:\Users\Xinyan Wu\Desktop\CNN study\pictures data\Cardigans\imgi_214_24b-1.jpg,Cardigans
C:\Users\Xinyan Wu\Desktop\CNN study\pictures data\Cardigans\imgi_215_10-2.jpg,Cardigans
C:\Users\Xinyan Wu\Desktop\CNN study\pictures data\Cardigans\imgi_216_10b-2.jpg,Cardigans
C:\Users\Xinyan Wu\Desktop\CNN study\pictures data\Cardigans\imgi_217_10-1.jpg,Cardigans
C:\Users\Xinyan Wu\Desktop\CNN study\pictures data\Cardigans\imgi_218_10b-1.jpg,Cardigans
C:\Users\Xinyan Wu\Desktop\CNN study\pictures data\Cardigans\imgi_219_3-2.jpg,Cardigans
C:\Users\Xinyan Wu\Desktop\CNN study\pictures data\Cardigans\imgi_220_3b-2.jpg,Cardigans
C:\Users\Xinyan Wu\Desktop\CNN study\pictures data\Cardigans\imgi_221_3-1.jpg,Cardigans
C:\Users\Xinyan Wu\Desktop\CNN study\pictures data\Cardigans\imgi_222_3b-1.jpg,Cardigans
C:\Users\Xinyan Wu\Desktop\CNN study\pictures data\Cardigans\imgi_223_23-2.jpg,Cardigans
C:\Users\Xinyan Wu\Desktop\CNN study\pictures data\Cardigans\imgi_224_23b-2.jpg,Cardigans
C:\Users\Xinyan Wu\Desktop\CNN study\pictures data\Cardigans\imgi_225_23-1.jpg,Cardigans
C:\Users\Xinyan Wu\Desktop\CNN study\pictures data\Cardigans\imgi_226_23b-1.jpg,Cardigans
C:\Users\Xinyan Wu\Desktop\CNN study\pictures data\Cardigans\imgi_227_3b-2.jpg,Cardigans
C:\Users\Xinyan Wu\Desktop\CNN study\pictures data\Cardigans\imgi_228_3-2.jpg,Cardigans
C:\Users\Xinyan Wu\Desktop\CNN study\pictures data\Cardigans\imgi_229_3b-1.jpg,Cardigans
C:\Users\Xinyan Wu\Desktop\CNN study\pictures data\Cardigans\imgi_230_3-1.jpg,Cardigans
C:\Users\Xinyan Wu\Desktop\CNN study\pictures data\Cardigans\imgi_231_35b-2.jpg,Cardigans
C:\Users\Xinyan Wu\Desktop\CNN study\pictures data\Cardigans\imgi_232_35-2.jpg,Cardigans
C:\Users\Xinyan Wu\Desktop\CNN study\pictures data\Cardigans\imgi_233_35b-1.jpg,Cardigans
C:\Users\Xinyan Wu\Desktop\CNN study\pictures data\Cardigans\imgi_234_35-1.jpg,Cardigans
C:\Users\Xinyan Wu\Desktop\CNN study\pictures data\Cardigans\imgi_235_9-2.jpg,Cardigans
C:\Users\Xinyan Wu\Desktop\CNN study\pictures data\Cardigans\imgi_236_9b-2.jpg,Cardigans
C:\Users\Xinyan Wu\Desktop\CNN study\pictures data\Cardigans\imgi_237_9-1.jpg,Cardigans
C:\Users\Xinyan Wu\Desktop\CNN study\pictures data\Cardigans\imgi_238_9b-1.jpg,Cardigans
C:\Users\Xinyan Wu\Desktop\CNN study\pictures data\Cardigans\imgi_239_7-2.jpg,Cardigans
C:\Users\Xinyan Wu\Desktop\CNN study\pictures data\Cardigans\imgi_240_7b-2.jpg,Cardigans
C:\Users\Xinyan Wu\Desktop\CNN study\pictures data\Cardigans\imgi_241_7-1.jpg,Cardigans
C:\Users\Xinyan Wu\Desktop\CNN study\pictures data\Cardigans\imgi_242_7b-1.jpg,Cardigans
C:\Users\Xinyan Wu\Desktop\CNN study\pictures data\Cardigans\imgi_243_38-2.jpg,Cardigans
C:\Users\Xinyan Wu\Desktop\CNN study\pictures data\Cardigans\imgi_244_38b-2.jpg,Cardigans
C:\Users\Xinyan Wu\Desktop\CNN study\pictures data\Cardigans\imgi_245_38-1.jpg,Cardigans
C:\Users\Xinyan Wu\Desktop\CNN study\pictures data\Cardigans\imgi_246_38b-1.jpg,Cardigans
C:\Users\Xinyan Wu\Desktop\CNN study\pictures data\Cardigans\imgi_248_14-2.jpg,Cardigans
C:\Users\Xinyan Wu\Desktop\CNN study\pictures data\Cardigans\imgi_249_14b-2.jpg,Cardigans
C:\Users\Xinyan Wu\Desktop\CNN study\pictures data\Cardigans\imgi_24_5-2.jpg,Cardigans
C:\Users\Xinyan Wu\Desktop\CNN study\pictures data\Cardigans\imgi_250_14-1.jpg,Cardigans
C:\Users\Xinyan Wu\Desktop\CNN study\pictures data\Cardigans\imgi_251_14b-1.jpg,Cardigans
C:\Users\Xinyan Wu\Desktop\CNN study\pictures data\Cardigans\imgi_252_16e-2.jpg,Cardigans
C:\Users\Xinyan Wu\Desktop\CNN study\pictures data\Cardigans\imgi_253_16-2.jpg,Cardigans
C:\Users\Xinyan Wu\Desktop\CNN study\pictures data\Cardigans\imgi_254_16e-1.jpg,Cardigans
C:\Users\Xinyan Wu\Desktop\CNN study\pictures data\Cardigans\imgi_255_16-1.jpg,Cardigans
C:\Users\Xinyan Wu\Desktop\CNN study\pictures data\Cardigans\imgi_256_28-2.jpg,Cardigans
C:\Users\Xinyan Wu\Desktop\CNN study\pictures data\Cardigans\imgi_257_28b-2.jpg,Cardigans
C:\Users\Xinyan Wu\Desktop\CNN study\pictures data\Cardigans\imgi_258_28-1.jpg,Cardigans
C:\Users\Xinyan Wu\Desktop\CNN study\pictures data\Cardigans\imgi_259_28b-1.jpg,Cardigans
C:\Users\Xinyan Wu\Desktop\CNN study\pictures data\Cardigans\imgi_25_5b-2.jpg,Cardigans
C:\Users\Xinyan Wu\Desktop\CNN study\pictures data\Cardigans\imgi_260_11-2.jpg,Cardigans
C:\Users\Xinyan Wu\Desktop\CNN study\pictures data\Cardigans\imgi_261_11b-2.jpg,Cardigans
C:\Users\Xinyan Wu\Desktop\CNN study\pictures data\Cardigans\imgi_262_11-1.jpg,Cardigans
C:\Users\Xinyan Wu\Desktop\CNN study\pictures data\Cardigans\imgi_263_11b-1.jpg,Cardigans
C:\Users\Xinyan Wu\Desktop\CNN study\pictures data\Cardigans\imgi_264_15-2.jpg,Cardigans
C:\Users\Xinyan Wu\Desktop\CNN study\pictures data\Cardigans\imgi_265_15b-2.jpg,Cardigans
C:\Users\Xinyan Wu\Desktop\CNN study\pictures data\Cardigans\imgi_266_15-1.jpg,Cardigans
C:\Users\Xinyan Wu\Desktop\CNN study\pictures data\Cardigans\imgi_267_15b-1.jpg,Cardigans
C:\Users\Xinyan Wu\Desktop\CNN study\pictures data\Cardigans\imgi_268_17-2.jpg,Cardigans
C:\Users\Xinyan Wu\Desktop\CNN study\pictures data\Cardigans\imgi_269_17b-2.jpg,Cardigans
C:\Users\Xinyan Wu\Desktop\CNN study\pictures data\Cardigans\imgi_26_5-1.jpg,Cardigans
C:\Users\Xinyan Wu\Desktop\CNN study\pictures data\Cardigans\imgi_270_17-1.jpg,Cardigans
C:\Users\Xinyan Wu\Desktop\CNN study\pictures data\Cardigans\imgi_271_17b-1.jpg,Cardigans
C:\Users\Xinyan Wu\Desktop\CNN study\pictures data\Cardigans\imgi_272_24-2.jpg,Cardigans
C:\Users\Xinyan Wu\Desktop\CNN study\pictures data\Cardigans\imgi_273_24b-2.jpg,Cardigans
C:\Users\Xinyan Wu\Desktop\CNN study\pictures data\Cardigans\imgi_274_24-1.jpg,Cardigans
C:\Users\Xinyan Wu\Desktop\CNN study\pictures data\Cardigans\imgi_275_24b-1.jpg,Cardigans
C:\Users\Xinyan Wu\Desktop\CNN study\pictures data\Cardigans\imgi_276_9b-2.jpg,Cardigans
C:\Users\Xinyan Wu\Desktop\CNN study\pictures data\Cardigans\imgi_277_9-2.jpg,Cardigans
C:\Users\Xinyan Wu\Desktop\CNN study\pictures data\Cardigans\imgi_278_9b-1.jpg,Cardigans
C:\Users\Xinyan Wu\Desktop\CNN study\pictures data\Cardigans\imgi_279_9-1.jpg,Cardigans
C:\Users\Xinyan Wu\Desktop\CNN study\pictures data\Cardigans\imgi_27_5b-1.jpg,Cardigans
C:\Users\Xinyan Wu\Desktop\CNN study\pictures data\Cardigans\imgi_280_45d-2.jpg,Cardigans
C:\Users\Xinyan Wu\Desktop\CNN study\pictures data\Cardigans\imgi_281_45-2.jpg,Cardigans
C:\Users\Xinyan Wu\Desktop\CNN study\pictures data\Cardigans\imgi_282_45d-1.jpg,Cardigans
C:\Users\Xinyan Wu\Desktop\CNN study\pictures data\Cardigans\imgi_283_45-1.jpg,Cardigans
C:\Users\Xinyan Wu\Desktop\CNN study\pictures data\Cardigans\imgi_284_16-2.jpg,Cardigans
C:\Users\Xinyan Wu\Desktop\CNN study\pictures data\Cardigans\imgi_285_16b-2.jpg,Cardigans
C:\Users\Xinyan Wu\Desktop\CNN study\pictures data\Cardigans\imgi_286_16-1.jpg,Cardigans
C:\Users\Xinyan Wu\Desktop\CNN study\pictures data\Cardigans\imgi_287_16b-1.jpg,Cardigans
C:\Users\Xinyan Wu\Desktop\CNN study\pictures data\Cardigans\imgi_288_16-2.jpg,Cardigans
C:\Users\Xinyan Wu\Desktop\CNN study\pictures data\Cardigans\imgi_289_16b-2.jpg,Cardigans
C:\Users\Xinyan Wu\Desktop\CNN study\pictures data\Cardigans\imgi_290_16-1.jpg,Cardigans
C:\Users\Xinyan Wu\Desktop\CNN study\pictures data\Cardigans\imgi_291_16b-1.jpg,Cardigans
C:\Users\Xinyan Wu\Desktop\CNN study\pictures data\Cardigans\imgi_292_1d-2.jpg,Cardigans
C:\Users\Xinyan Wu\Desktop\CNN study\pictures data\Cardigans\imgi_293_1-2.jpg,Cardigans
C:\Users\Xinyan Wu\Desktop\CNN study\pictures data\Cardigans\imgi_294_1d-1.jpg,Cardigans
C:\Users\Xinyan Wu\Desktop\CNN study\pictures data\Cardigans\imgi_295_1-1.jpg,Cardigans
C:\Users\Xinyan Wu\Desktop\CNN study\pictures data\Cardigans\imgi_296_4-2.jpg,Cardigans
C:\Users\Xinyan Wu\Desktop\CNN study\pictures data\Cardigans\imgi_298_4-1.jpg,Cardigans
C:\Users\Xinyan Wu\Desktop\CNN study\pictures data\Cardigans\imgi_29_33-2.jpg,Cardigans
C:\Users\Xinyan Wu\Desktop\CNN study\pictures data\Cardigans\imgi_300_1-2.jpg,Cardigans
C:\Users\Xinyan Wu\Desktop\CNN study\pictures data\Cardigans\imgi_301_1b-2.jpg,Cardigans
C:\Users\Xinyan Wu\Desktop\CNN study\pictures data\Cardigans\imgi_302_1-1.jpg,Cardigans
C:\Users\Xinyan Wu\Desktop\CNN study\pictures data\Cardigans\imgi_303_1b-1.jpg,Cardigans
C:\Users\Xinyan Wu\Desktop\CNN study\pictures data\Cardigans\imgi_304_17-2.jpg,Cardigans
C:\Users\Xinyan Wu\Desktop\CNN study\pictures data\Cardigans\imgi_305_17b-2.jpg,Cardigans
C:\Users\Xinyan Wu\Desktop\CNN study\pictures data\Cardigans\imgi_306_17-1.jpg,Cardigans
C:\Users\Xinyan Wu\Desktop\CNN study\pictures data\Cardigans\imgi_307_17b-1.jpg,Cardigans
C:\Users\Xinyan Wu\Desktop\CNN study\pictures data\Cardigans\imgi_308_20260116-ss26-vote_post2-th.jpg,Cardigans
C:\Users\Xinyan Wu\Desktop\CNN study\pictures data\Cardigans\imgi_30_33b-2.jpg,Cardigans
C:\Users\Xinyan Wu\Desktop\CNN study\pictures data\Cardigans\imgi_310_20260115-ss26-vote_post2-th.jpg,Cardigans
C:\Users\Xinyan Wu\Desktop\CNN study\pictures data\Cardigans\imgi_31_33-1.jpg,Cardigans
C:\Users\Xinyan Wu\Desktop\CNN study\pictures data\Cardigans\imgi_32_33b-1.jpg,Cardigans
C:\Users\Xinyan Wu\Desktop\CNN study\pictures data\Cardigans\imgi_33_8-2.jpg,Cardigans
C:\Users\Xinyan Wu\Desktop\CNN study\pictures data\Cardigans\imgi_34_8b-2.jpg,Cardigans
C:\Users\Xinyan Wu\Desktop\CNN study\pictures data\Cardigans\imgi_35_8-1.jpg,Cardigans
C:\Users\Xinyan Wu\Desktop\CNN study\pictures data\Cardigans\imgi_36_8b-1.jpg,Cardigans
C:\Users\Xinyan Wu\Desktop\CNN study\pictures data\Cardigans\imgi_37_6c-2.jpg,Cardigans
C:\Users\Xinyan Wu\Desktop\CNN study\pictures data\Cardigans\imgi_38_6-2.jpg,Cardigans
C:\Users\Xinyan Wu\Desktop\CNN study\pictures data\Cardigans\imgi_39_6c-1.jpg,Cardigans
C:\Users\Xinyan Wu\Desktop\CNN study\pictures data\Cardigans\imgi_40_6-1.jpg,Cardigans
C:\Users\Xinyan Wu\Desktop\CNN study\pictures data\Cardigans\imgi_41_1-2.jpg,Cardigans
C:\Users\Xinyan Wu\Desktop\CNN study\pictures data\Cardigans\imgi_42_1b-2.jpg,Cardigans
C:\Users\Xinyan Wu\Desktop\CNN study\pictures data\Cardigans\imgi_43_1-1.jpg,Cardigans
C:\Users\Xinyan Wu\Desktop\CNN study\pictures data\Cardigans\imgi_44_1b-1.jpg,Cardigans
C:\Users\Xinyan Wu\Desktop\CNN study\pictures data\Cardigans\imgi_45_14-2.jpg,Cardigans
C:\Users\Xinyan Wu\Desktop\CNN study\pictures data\Cardigans\imgi_46_14b-2.jpg,Cardigans
C:\Users\Xinyan Wu\Desktop\CNN study\pictures data\Cardigans\imgi_47_14-1.jpg,Cardigans
C:\Users\Xinyan Wu\Desktop\CNN study\pictures data\Cardigans\imgi_48_14b-1.jpg,Cardigans
C:\Users\Xinyan Wu\Desktop\CNN study\pictures data\Cardigans\imgi_49_11-2.jpg,Cardigans
C:\Users\Xinyan Wu\Desktop\CNN study\pictures data\Cardigans\imgi_50_11b-2.jpg,Cardigans
C:\Users\Xinyan Wu\Desktop\CNN study\pictures data\Cardigans\imgi_51_11-1.jpg,Cardigans
C:\Users\Xinyan Wu\Desktop\CNN study\pictures data\Cardigans\imgi_52_11b-1.jpg,Cardigans
C:\Users\Xinyan Wu\Desktop\CNN study\pictures data\Cardigans\imgi_53_12c-2.jpg,Cardigans
C:\Users\Xinyan Wu\Desktop\CNN study\pictures data\Cardigans\imgi_54_12-2.jpg,Cardigans
C:\Users\Xinyan Wu\Desktop\CNN study\pictures data\Cardigans\imgi_55_12c-1.jpg,Cardigans
C:\Users\Xinyan Wu\Desktop\CNN study\pictures data\Cardigans\imgi_56_12-1.jpg,Cardigans
C:\Users\Xinyan Wu\Desktop\CNN study\pictures data\Cardigans\imgi_57_42-2.jpg,Cardigans
C:\Users\Xinyan Wu\Desktop\CNN study\pictures data\Cardigans\imgi_58_42-1.jpg,Cardigans
C:\Users\Xinyan Wu\Desktop\CNN study\pictures data\Cardigans\imgi_59_32-2.jpg,Cardigans
C:\Users\Xinyan Wu\Desktop\CNN study\pictures data\Cardigans\imgi_60_32b-2.jpg,Cardigans
C:\Users\Xinyan Wu\Desktop\CNN study\pictures data\Cardigans\imgi_61_32-1.jpg,Cardigans
C:\Users\Xinyan Wu\Desktop\CNN study\pictures data\Cardigans\imgi_62_32b-1.jpg,Cardigans
C:\Users\Xinyan Wu\Desktop\CNN study\pictures data\Cardigans\imgi_63_8-2.jpg,Cardigans
C:\Users\Xinyan Wu\Desktop\CNN study\pictures data\Cardigans\imgi_64_8b-2.jpg,Cardigans
C:\Users\Xinyan Wu\Desktop\CNN study\pictures data\Cardigans\imgi_65_8-1.jpg,Cardigans
C:\Users\Xinyan Wu\Desktop\CNN study\pictures data\Cardigans\imgi_66_8b-1.jpg,Cardigans
C:\Users\Xinyan Wu\Desktop\CNN study\pictures data\Cardigans\imgi_67_41d-2.jpg,Cardigans
C:\Users\Xinyan Wu\Desktop\CNN study\pictures data\Cardigans\imgi_68_41-2.jpg,Cardigans
C:\Users\Xinyan Wu\Desktop\CNN study\pictures data\Cardigans\imgi_69_41d-1.jpg,Cardigans
C:\Users\Xinyan Wu\Desktop\CNN study\pictures data\Cardigans\imgi_70_41-1.jpg,Cardigans
C:\Users\Xinyan Wu\Desktop\CNN study\pictures data\Cardigans\imgi_71_27-2.jpg,Cardigans
C:\Users\Xinyan Wu\Desktop\CNN study\pictures data\Cardigans\imgi_72_27b-2.jpg,Cardigans
C:\Users\Xinyan Wu\Desktop\CNN study\pictures data\Cardigans\imgi_73_27-1.jpg,Cardigans
C:\Users\Xinyan Wu\Desktop\CNN study\pictures data\Cardigans\imgi_74_27b-1.jpg,Cardigans
C:\Users\Xinyan Wu\Desktop\CNN study\pictures data\Cardigans\imgi_75_33-2.jpg,Cardigans
C:\Users\Xinyan Wu\Desktop\CNN study\pictures data\Cardigans\imgi_76_33b-2.jpg,Cardigans
C:\Users\Xinyan Wu\Desktop\CNN study\pictures data\Cardigans\imgi_77_33-1.jpg,Cardigans
C:\Users\Xinyan Wu\Desktop\CNN study\pictures data\Cardigans\imgi_78_33b-1.jpg,Cardigans
C:\Users\Xinyan Wu\Desktop\CNN study\pictures data\Cardigans\imgi_79_22-2.jpg,Cardigans
C:\Users\Xinyan Wu\Desktop\CNN study\pictures data\Cardigans\imgi_80_22b-2.jpg,Cardigans
C:\Users\Xinyan Wu\Desktop\CNN study\pictures data\Cardigans\imgi_81_22-1.jpg,Cardigans
C:\Users\Xinyan Wu\Desktop\CNN study\pictures data\Cardigans\imgi_82_22b-1.jpg,Cardigans
C:\Users\Xinyan Wu\Desktop\CNN study\pictures data\Cardigans\imgi_83_18-2.jpg,Cardigans
C:\Users\Xinyan Wu\Desktop\CNN study\pictures data\Cardigans\imgi_84_18b-2.jpg,Cardigans
C:\Users\Xinyan Wu\Desktop\CNN study\pictures data\Cardigans\imgi_85_18-1.jpg,Cardigans
C:\Users\Xinyan Wu\Desktop\CNN study\pictures data\Cardigans\imgi_86_18b-1.jpg,Cardigans
C:\Users\Xinyan Wu\Desktop\CNN study\pictures data\Cardigans\imgi_87_14-2.jpg,Cardigans
C:\Users\Xinyan Wu\Desktop\CNN study\pictures data\Cardigans\imgi_88_14b-2.jpg,Cardigans
C:\Users\Xinyan Wu\Desktop\CNN study\pictures data\Cardigans\imgi_89_14-1.jpg,Cardigans
C:\Users\Xinyan Wu\Desktop\CNN study\pictures data\Cardigans\imgi_90_14b-1.jpg,Cardigans
C:\Users\Xinyan Wu\Desktop\CNN study\pictures data\Cardigans\imgi_91_33b-2.jpg,Cardigans
C:\Users\Xinyan Wu\Desktop\CNN study\pictures data\Cardigans\imgi_92_33-2.jpg,Cardigans
C:\Users\Xinyan Wu\Desktop\CNN study\pictures data\Cardigans\imgi_93_33b-1.jpg,Cardigans
C:\Users\Xinyan Wu\Desktop\CNN study\pictures data\Cardigans\imgi_94_33-1.jpg,Cardigans
C:\Users\Xinyan Wu\Desktop\CNN study\pictures data\Cardigans\imgi_95_2-2.jpg,Cardigans
C:\Users\Xinyan Wu\Desktop\CNN study\pictures data\Cardigans\imgi_96_2b-2.jpg,Cardigans
C:\Users\Xinyan Wu\Desktop\CNN study\pictures data\Cardigans\imgi_97_2-1.jpg,Cardigans
C:\Users\Xinyan Wu\Desktop\CNN study\pictures data\Cardigans\imgi_98_2b-1.jpg,Cardigans
C:\Users\Xinyan Wu\Desktop\CNN study\pictures data\Cardigans\imgi_99_35-2.jpg,Cardigans
C:\Users\Xinyan Wu\Desktop\CNN study\pictures data\Jumpers\imgi_100_34-1.jpg,Jumpers
C:\Users\Xinyan Wu\Desktop\CNN study\pictures data\Jumpers\imgi_101_1-2.jpg,Jumpers
C:\Users\Xinyan Wu\Desktop\CNN study\pictures data\Jumpers\imgi_102_1b-2.jpg,Jumpers
C:\Users\Xinyan Wu\Desktop\CNN study\pictures data\Jumpers\imgi_103_1-1.jpg,Jumpers
C:\Users\Xinyan Wu\Desktop\CNN study\pictures data\Jumpers\imgi_104_1b-1.jpg,Jumpers
C:\Users\Xinyan Wu\Desktop\CNN study\pictures data\Jumpers\imgi_105_1-2.jpg,Jumpers
C:\Users\Xinyan Wu\Desktop\CNN study\pictures data\Jumpers\imgi_106_1b-2.jpg,Jumpers
C:\Users\Xinyan Wu\Desktop\CNN study\pictures data\Jumpers\imgi_107_1-1.jpg,Jumpers
C:\Users\Xinyan Wu\Desktop\CNN study\pictures data\Jumpers\imgi_108_1b-1.jpg,Jumpers
C:\Users\Xinyan Wu\Desktop\CNN study\pictures data\Jumpers\imgi_109_49-2.jpg,Jumpers
C:\Users\Xinyan Wu\Desktop\CNN study\pictures data\Jumpers\imgi_110_49b-2.jpg,Jumpers
C:\Users\Xinyan Wu\Desktop\CNN study\pictures data\Jumpers\imgi_111_49-1.jpg,Jumpers
C:\Users\Xinyan Wu\Desktop\CNN study\pictures data\Jumpers\imgi_112_49b-1.jpg,Jumpers
C:\Users\Xinyan Wu\Desktop\CNN study\pictures data\Jumpers\imgi_113_1-2.jpg,Jumpers
C:\Users\Xinyan Wu\Desktop\CNN study\pictures data\Jumpers\imgi_114_1b-2.jpg,Jumpers
C:\Users\Xinyan Wu\Desktop\CNN study\pictures data\Jumpers\imgi_115_1-1.jpg,Jumpers
C:\Users\Xinyan Wu\Desktop\CNN study\pictures data\Jumpers\imgi_116_1b-1.jpg,Jumpers
C:\Users\Xinyan Wu\Desktop\CNN study\pictures data\Jumpers\imgi_117_13-2.jpg,Jumpers
C:\Users\Xinyan Wu\Desktop\CNN study\pictures data\Jumpers\imgi_118_13b-2.jpg,Jumpers
C:\Users\Xinyan Wu\Desktop\CNN study\pictures data\Jumpers\imgi_119_13-1.jpg,Jumpers
C:\Users\Xinyan Wu\Desktop\CNN study\pictures data\Jumpers\imgi_120_13b-1.jpg,Jumpers
C:\Users\Xinyan Wu\Desktop\CNN study\pictures data\Jumpers\imgi_121_4-2.jpg,Jumpers
C:\Users\Xinyan Wu\Desktop\CNN study\pictures data\Jumpers\imgi_122_4b-2.jpg,Jumpers
C:\Users\Xinyan Wu\Desktop\CNN study\pictures data\Jumpers\imgi_123_4-1.jpg,Jumpers
C:\Users\Xinyan Wu\Desktop\CNN study\pictures data\Jumpers\imgi_124_4b-1.jpg,Jumpers
C:\Users\Xinyan Wu\Desktop\CNN study\pictures data\Jumpers\imgi_125_28d-2.jpg,Jumpers
C:\Users\Xinyan Wu\Desktop\CNN study\pictures data\Jumpers\imgi_126_28-2.jpg,Jumpers
C:\Users\Xinyan Wu\Desktop\CNN study\pictures data\Jumpers\imgi_127_28d-1.jpg,Jumpers
C:\Users\Xinyan Wu\Desktop\CNN study\pictures data\Jumpers\imgi_128_28-1.jpg,Jumpers
C:\Users\Xinyan Wu\Desktop\CNN study\pictures data\Jumpers\imgi_129_29e-2.jpg,Jumpers
C:\Users\Xinyan Wu\Desktop\CNN study\pictures data\Jumpers\imgi_130_29-2.jpg,Jumpers
C:\Users\Xinyan Wu\Desktop\CNN study\pictures data\Jumpers\imgi_131_29e-1.jpg,Jumpers
C:\Users\Xinyan Wu\Desktop\CNN study\pictures data\Jumpers\imgi_132_29-1.jpg,Jumpers
C:\Users\Xinyan Wu\Desktop\CNN study\pictures data\Jumpers\imgi_133_1-2.jpg,Jumpers
C:\Users\Xinyan Wu\Desktop\CNN study\pictures data\Jumpers\imgi_134_1b-2.jpg,Jumpers
C:\Users\Xinyan Wu\Desktop\CNN study\pictures data\Jumpers\imgi_135_1-1.jpg,Jumpers
C:\Users\Xinyan Wu\Desktop\CNN study\pictures data\Jumpers\imgi_136_1b-1.jpg,Jumpers
C:\Users\Xinyan Wu\Desktop\CNN study\pictures data\Jumpers\imgi_137_26-2.jpg,Jumpers
C:\Users\Xinyan Wu\Desktop\CNN study\pictures data\Jumpers\imgi_138_26b-2.jpg,Jumpers
C:\Users\Xinyan Wu\Desktop\CNN study\pictures data\Jumpers\imgi_139_26-1.jpg,Jumpers
C:\Users\Xinyan Wu\Desktop\CNN study\pictures data\Jumpers\imgi_140_26b-1.jpg,Jumpers
C:\Users\Xinyan Wu\Desktop\CNN study\pictures data\Jumpers\imgi_141_9d-2.jpg,Jumpers
C:\Users\Xinyan Wu\Desktop\CNN study\pictures data\Jumpers\imgi_142_9-2.jpg,Jumpers
C:\Users\Xinyan Wu\Desktop\CNN study\pictures data\Jumpers\imgi_143_9d-1.jpg,Jumpers
C:\Users\Xinyan Wu\Desktop\CNN study\pictures data\Jumpers\imgi_144_9-1.jpg,Jumpers
C:\Users\Xinyan Wu\Desktop\CNN study\pictures data\Jumpers\imgi_145_10-2.jpg,Jumpers
C:\Users\Xinyan Wu\Desktop\CNN study\pictures data\Jumpers\imgi_146_10b-2.jpg,Jumpers
C:\Users\Xinyan Wu\Desktop\CNN study\pictures data\Jumpers\imgi_147_10-1.jpg,Jumpers
C:\Users\Xinyan Wu\Desktop\CNN study\pictures data\Jumpers\imgi_148_10b-1.jpg,Jumpers
C:\Users\Xinyan Wu\Desktop\CNN study\pictures data\Jumpers\imgi_149_22-2.jpg,Jumpers
C:\Users\Xinyan Wu\Desktop\CNN study\pictures data\Jumpers\imgi_150_22b-2.jpg,Jumpers
C:\Users\Xinyan Wu\Desktop\CNN study\pictures data\Jumpers\imgi_151_22-1.jpg,Jumpers
C:\Users\Xinyan Wu\Desktop\CNN study\pictures data\Jumpers\imgi_152_22b-1.jpg,Jumpers
C:\Users\Xinyan Wu\Desktop\CNN study\pictures data\Jumpers\imgi_153_17-2.jpg,Jumpers
C:\Users\Xinyan Wu\Desktop\CNN study\pictures data\Jumpers\imgi_154_17b-2.jpg,Jumpers
C:\Users\Xinyan Wu\Desktop\CNN study\pictures data\Jumpers\imgi_155_17-1.jpg,Jumpers
C:\Users\Xinyan Wu\Desktop\CNN study\pictures data\Jumpers\imgi_156_17b-1.jpg,Jumpers
C:\Users\Xinyan Wu\Desktop\CNN study\pictures data\Jumpers\imgi_157_42-2.jpg,Jumpers
C:\Users\Xinyan Wu\Desktop\CNN study\pictures data\Jumpers\imgi_158_42b-2.jpg,Jumpers
C:\Users\Xinyan Wu\Desktop\CNN study\pictures data\Jumpers\imgi_159_42-1.jpg,Jumpers
C:\Users\Xinyan Wu\Desktop\CNN study\pictures data\Jumpers\imgi_160_42b-1.jpg,Jumpers
C:\Users\Xinyan Wu\Desktop\CNN study\pictures data\Jumpers\imgi_161_2-2.jpg,Jumpers
C:\Users\Xinyan Wu\Desktop\CNN study\pictures data\Jumpers\imgi_162_2b-2.jpg,Jumpers
C:\Users\Xinyan Wu\Desktop\CNN study\pictures data\Jumpers\imgi_163_2-1.jpg,Jumpers
C:\Users\Xinyan Wu\Desktop\CNN study\pictures data\Jumpers\imgi_164_2b-1.jpg,Jumpers
C:\Users\Xinyan Wu\Desktop\CNN study\pictures data\Jumpers\imgi_165_12-2.jpg,Jumpers
C:\Users\Xinyan Wu\Desktop\CNN study\pictures data\Jumpers\imgi_166_12b-2.jpg,Jumpers
C:\Users\Xinyan Wu\Desktop\CNN study\pictures data\Jumpers\imgi_167_12-1.jpg,Jumpers
C:\Users\Xinyan Wu\Desktop\CNN study\pictures data\Jumpers\imgi_168_12b-1.jpg,Jumpers
C:\Users\Xinyan Wu\Desktop\CNN study\pictures data\Jumpers\imgi_169_2b-2.jpg,Jumpers
C:\Users\Xinyan Wu\Desktop\CNN study\pictures data\Jumpers\imgi_170_2-2.jpg,Jumpers
C:\Users\Xinyan Wu\Desktop\CNN study\pictures data\Jumpers\imgi_171_2b-1.jpg,Jumpers
C:\Users\Xinyan Wu\Desktop\CNN study\pictures data\Jumpers\imgi_172_2-1.jpg,Jumpers
C:\Users\Xinyan Wu\Desktop\CNN study\pictures data\Jumpers\imgi_173_17-2.jpg,Jumpers
C:\Users\Xinyan Wu\Desktop\CNN study\pictures data\Jumpers\imgi_174_17b-2.jpg,Jumpers
C:\Users\Xinyan Wu\Desktop\CNN study\pictures data\Jumpers\imgi_175_17-1.jpg,Jumpers
C:\Users\Xinyan Wu\Desktop\CNN study\pictures data\Jumpers\imgi_176_17b-1.jpg,Jumpers
C:\Users\Xinyan Wu\Desktop\CNN study\pictures data\Jumpers\imgi_177_21-2.jpg,Jumpers
C:\Users\Xinyan Wu\Desktop\CNN study\pictures data\Jumpers\imgi_178_21b-2.jpg,Jumpers
C:\Users\Xinyan Wu\Desktop\CNN study\pictures data\Jumpers\imgi_179_21-1.jpg,Jumpers
C:\Users\Xinyan Wu\Desktop\CNN study\pictures data\Jumpers\imgi_180_21b-1.jpg,Jumpers
C:\Users\Xinyan Wu\Desktop\CNN study\pictures data\Jumpers\imgi_181_6b-2.jpg,Jumpers
C:\Users\Xinyan Wu\Desktop\CNN study\pictures data\Jumpers\imgi_182_6-2.jpg,Jumpers
C:\Users\Xinyan Wu\Desktop\CNN study\pictures data\Jumpers\imgi_183_6b-1.jpg,Jumpers
C:\Users\Xinyan Wu\Desktop\CNN study\pictures data\Jumpers\imgi_184_6-1.jpg,Jumpers
C:\Users\Xinyan Wu\Desktop\CNN study\pictures data\Jumpers\imgi_185_57-2.jpg,Jumpers
C:\Users\Xinyan Wu\Desktop\CNN study\pictures data\Jumpers\imgi_186_57b-2.jpg,Jumpers
C:\Users\Xinyan Wu\Desktop\CNN study\pictures data\Jumpers\imgi_187_57-1.jpg,Jumpers
C:\Users\Xinyan Wu\Desktop\CNN study\pictures data\Jumpers\imgi_188_57b-1.jpg,Jumpers
C:\Users\Xinyan Wu\Desktop\CNN study\pictures data\Jumpers\imgi_189_30b-2.jpg,Jumpers
C:\Users\Xinyan Wu\Desktop\CNN study\pictures data\Jumpers\imgi_190_30-2.jpg,Jumpers
C:\Users\Xinyan Wu\Desktop\CNN study\pictures data\Jumpers\imgi_191_30b-1.jpg,Jumpers
C:\Users\Xinyan Wu\Desktop\CNN study\pictures data\Jumpers\imgi_192_30-1.jpg,Jumpers
C:\Users\Xinyan Wu\Desktop\CNN study\pictures data\Jumpers\imgi_193_5b-2.jpg,Jumpers
C:\Users\Xinyan Wu\Desktop\CNN study\pictures data\Jumpers\imgi_194_5-2.jpg,Jumpers
C:\Users\Xinyan Wu\Desktop\CNN study\pictures data\Jumpers\imgi_195_5b-1.jpg,Jumpers
C:\Users\Xinyan Wu\Desktop\CNN study\pictures data\Jumpers\imgi_196_5-1.jpg,Jumpers
C:\Users\Xinyan Wu\Desktop\CNN study\pictures data\Jumpers\imgi_197_1b-2.jpg,Jumpers
C:\Users\Xinyan Wu\Desktop\CNN study\pictures data\Jumpers\imgi_198_1-2.jpg,Jumpers
C:\Users\Xinyan Wu\Desktop\CNN study\pictures data\Jumpers\imgi_199_1b-1.jpg,Jumpers
C:\Users\Xinyan Wu\Desktop\CNN study\pictures data\Jumpers\imgi_200_1-1.jpg,Jumpers
C:\Users\Xinyan Wu\Desktop\CNN study\pictures data\Jumpers\imgi_201_53d-2.jpg,Jumpers
C:\Users\Xinyan Wu\Desktop\CNN study\pictures data\Jumpers\imgi_202_53-2.jpg,Jumpers
C:\Users\Xinyan Wu\Desktop\CNN study\pictures data\Jumpers\imgi_203_53d-1.jpg,Jumpers
C:\Users\Xinyan Wu\Desktop\CNN study\pictures data\Jumpers\imgi_204_53-1.jpg,Jumpers
C:\Users\Xinyan Wu\Desktop\CNN study\pictures data\Jumpers\imgi_205_1-2.jpg,Jumpers
C:\Users\Xinyan Wu\Desktop\CNN study\pictures data\Jumpers\imgi_206_1b-2.jpg,Jumpers
C:\Users\Xinyan Wu\Desktop\CNN study\pictures data\Jumpers\imgi_207_1-1.jpg,Jumpers
C:\Users\Xinyan Wu\Desktop\CNN study\pictures data\Jumpers\imgi_208_1b-1.jpg,Jumpers
C:\Users\Xinyan Wu\Desktop\CNN study\pictures data\Jumpers\imgi_209_1b-2.jpg,Jumpers
C:\Users\Xinyan Wu\Desktop\CNN study\pictures data\Jumpers\imgi_210_1-2.jpg,Jumpers
C:\Users\Xinyan Wu\Desktop\CNN study\pictures data\Jumpers\imgi_211_1b-1.jpg,Jumpers
C:\Users\Xinyan Wu\Desktop\CNN study\pictures data\Jumpers\imgi_212_1-1.jpg,Jumpers
C:\Users\Xinyan Wu\Desktop\CNN study\pictures data\Jumpers\imgi_213_22-2.jpg,Jumpers
C:\Users\Xinyan Wu\Desktop\CNN study\pictures data\Jumpers\imgi_214_22b-2.jpg,Jumpers
C:\Users\Xinyan Wu\Desktop\CNN study\pictures data\Jumpers\imgi_215_22-1.jpg,Jumpers
C:\Users\Xinyan Wu\Desktop\CNN study\pictures data\Jumpers\imgi_216_22b-1.jpg,Jumpers
C:\Users\Xinyan Wu\Desktop\CNN study\pictures data\Jumpers\imgi_217_14b-2.jpg,Jumpers
C:\Users\Xinyan Wu\Desktop\CNN study\pictures data\Jumpers\imgi_218_14-2.jpg,Jumpers
C:\Users\Xinyan Wu\Desktop\CNN study\pictures data\Jumpers\imgi_219_14b-1.jpg,Jumpers
C:\Users\Xinyan Wu\Desktop\CNN study\pictures data\Jumpers\imgi_220_14-1.jpg,Jumpers
C:\Users\Xinyan Wu\Desktop\CNN study\pictures data\Jumpers\imgi_221_2-2.jpg,Jumpers
C:\Users\Xinyan Wu\Desktop\CNN study\pictures data\Jumpers\imgi_222_2b-2.jpg,Jumpers
C:\Users\Xinyan Wu\Desktop\CNN study\pictures data\Jumpers\imgi_223_2-1.jpg,Jumpers
C:\Users\Xinyan Wu\Desktop\CNN study\pictures data\Jumpers\imgi_224_2b-1.jpg,Jumpers
C:\Users\Xinyan Wu\Desktop\CNN study\pictures data\Jumpers\imgi_225_8-2.jpg,Jumpers
C:\Users\Xinyan Wu\Desktop\CNN study\pictures data\Jumpers\imgi_226_8b-2.jpg,Jumpers
C:\Users\Xinyan Wu\Desktop\CNN study\pictures data\Jumpers\imgi_227_8-1.jpg,Jumpers
C:\Users\Xinyan Wu\Desktop\CNN study\pictures data\Jumpers\imgi_228_8b-1.jpg,Jumpers
C:\Users\Xinyan Wu\Desktop\CNN study\pictures data\Jumpers\imgi_229_3-2.jpg,Jumpers
C:\Users\Xinyan Wu\Desktop\CNN study\pictures data\Jumpers\imgi_230_3b-2.jpg,Jumpers
C:\Users\Xinyan Wu\Desktop\CNN study\pictures data\Jumpers\imgi_231_3-1.jpg,Jumpers
C:\Users\Xinyan Wu\Desktop\CNN study\pictures data\Jumpers\imgi_232_3b-1.jpg,Jumpers
C:\Users\Xinyan Wu\Desktop\CNN study\pictures data\Jumpers\imgi_233_12-2.jpg,Jumpers
C:\Users\Xinyan Wu\Desktop\CNN study\pictures data\Jumpers\imgi_234_12b-2.jpg,Jumpers
C:\Users\Xinyan Wu\Desktop\CNN study\pictures data\Jumpers\imgi_235_12-1.jpg,Jumpers
C:\Users\Xinyan Wu\Desktop\CNN study\pictures data\Jumpers\imgi_236_12b-1.jpg,Jumpers
C:\Users\Xinyan Wu\Desktop\CNN study\pictures data\Jumpers\imgi_237_20-2.jpg,Jumpers
C:\Users\Xinyan Wu\Desktop\CNN study\pictures data\Jumpers\imgi_238_20b-2.jpg,Jumpers
C:\Users\Xinyan Wu\Desktop\CNN study\pictures data\Jumpers\imgi_239_20-1.jpg,Jumpers
C:\Users\Xinyan Wu\Desktop\CNN study\pictures data\Jumpers\imgi_240_20b-1.jpg,Jumpers
C:\Users\Xinyan Wu\Desktop\CNN study\pictures data\Jumpers\imgi_241_8-2.jpg,Jumpers
C:\Users\Xinyan Wu\Desktop\CNN study\pictures data\Jumpers\imgi_242_8b-2.jpg,Jumpers
C:\Users\Xinyan Wu\Desktop\CNN study\pictures data\Jumpers\imgi_243_8-1.jpg,Jumpers
C:\Users\Xinyan Wu\Desktop\CNN study\pictures data\Jumpers\imgi_244_8b-1.jpg,Jumpers
C:\Users\Xinyan Wu\Desktop\CNN study\pictures data\Jumpers\imgi_245_11-2.jpg,Jumpers
C:\Users\Xinyan Wu\Desktop\CNN study\pictures data\Jumpers\imgi_246_11b-2.jpg,Jumpers
C:\Users\Xinyan Wu\Desktop\CNN study\pictures data\Jumpers\imgi_247_11-1.jpg,Jumpers
C:\Users\Xinyan Wu\Desktop\CNN study\pictures data\Jumpers\imgi_248_11b-1.jpg,Jumpers
C:\Users\Xinyan Wu\Desktop\CNN study\pictures data\Jumpers\imgi_249_19-2.jpg,Jumpers
C:\Users\Xinyan Wu\Desktop\CNN study\pictures data\Jumpers\imgi_250_19b-2.jpg,Jumpers
C:\Users\Xinyan Wu\Desktop\CNN study\pictures data\Jumpers\imgi_251_19-1.jpg,Jumpers
C:\Users\Xinyan Wu\Desktop\CNN study\pictures data\Jumpers\imgi_252_19b-1.jpg,Jumpers
C:\Users\Xinyan Wu\Desktop\CNN study\pictures data\Jumpers\imgi_253_10b-2.jpg,Jumpers
C:\Users\Xinyan Wu\Desktop\CNN study\pictures data\Jumpers\imgi_254_10-2.jpg,Jumpers
C:\Users\Xinyan Wu\Desktop\CNN study\pictures data\Jumpers\imgi_255_10b-1.jpg,Jumpers
C:\Users\Xinyan Wu\Desktop\CNN study\pictures data\Jumpers\imgi_256_10-1.jpg,Jumpers
C:\Users\Xinyan Wu\Desktop\CNN study\pictures data\Jumpers\imgi_257_34-2.jpg,Jumpers
C:\Users\Xinyan Wu\Desktop\CNN study\pictures data\Jumpers\imgi_258_34b-2.jpg,Jumpers
C:\Users\Xinyan Wu\Desktop\CNN study\pictures data\Jumpers\imgi_259_34-1.jpg,Jumpers
C:\Users\Xinyan Wu\Desktop\CNN study\pictures data\Jumpers\imgi_260_34b-1.jpg,Jumpers
C:\Users\Xinyan Wu\Desktop\CNN study\pictures data\Jumpers\imgi_261_8b-2.jpg,Jumpers
C:\Users\Xinyan Wu\Desktop\CNN study\pictures data\Jumpers\imgi_262_8-2.jpg,Jumpers
C:\Users\Xinyan Wu\Desktop\CNN study\pictures data\Jumpers\imgi_263_8b-1.jpg,Jumpers
C:\Users\Xinyan Wu\Desktop\CNN study\pictures data\Jumpers\imgi_264_8-1.jpg,Jumpers
C:\Users\Xinyan Wu\Desktop\CNN study\pictures data\Jumpers\imgi_265_1d-2.jpg,Jumpers
C:\Users\Xinyan Wu\Desktop\CNN study\pictures data\Jumpers\imgi_266_1-2.jpg,Jumpers
C:\Users\Xinyan Wu\Desktop\CNN study\pictures data\Jumpers\imgi_267_1d-1.jpg,Jumpers
C:\Users\Xinyan Wu\Desktop\CNN study\pictures data\Jumpers\imgi_268_1-1.jpg,Jumpers
C:\Users\Xinyan Wu\Desktop\CNN study\pictures data\Jumpers\imgi_269_12-2.jpg,Jumpers
C:\Users\Xinyan Wu\Desktop\CNN study\pictures data\Jumpers\imgi_270_12b-2.jpg,Jumpers
C:\Users\Xinyan Wu\Desktop\CNN study\pictures data\Jumpers\imgi_271_12-1.jpg,Jumpers
C:\Users\Xinyan Wu\Desktop\CNN study\pictures data\Jumpers\imgi_272_12b-1.jpg,Jumpers
C:\Users\Xinyan Wu\Desktop\CNN study\pictures data\Jumpers\imgi_273_3-2.jpg,Jumpers
C:\Users\Xinyan Wu\Desktop\CNN study\pictures data\Jumpers\imgi_274_3b-2.jpg,Jumpers
C:\Users\Xinyan Wu\Desktop\CNN study\pictures data\Jumpers\imgi_275_3-1.jpg,Jumpers
C:\Users\Xinyan Wu\Desktop\CNN study\pictures data\Jumpers\imgi_276_3b-1.jpg,Jumpers
C:\Users\Xinyan Wu\Desktop\CNN study\pictures data\Jumpers\imgi_277_14b-2.jpg,Jumpers
C:\Users\Xinyan Wu\Desktop\CNN study\pictures data\Jumpers\imgi_278_14-2.jpg,Jumpers
C:\Users\Xinyan Wu\Desktop\CNN study\pictures data\Jumpers\imgi_279_14b-1.jpg,Jumpers
C:\Users\Xinyan Wu\Desktop\CNN study\pictures data\Jumpers\imgi_280_14-1.jpg,Jumpers
C:\Users\Xinyan Wu\Desktop\CNN study\pictures data\Jumpers\imgi_282_7-2.jpg,Jumpers
C:\Users\Xinyan Wu\Desktop\CNN study\pictures data\Jumpers\imgi_283_7b-2.jpg,Jumpers
C:\Users\Xinyan Wu\Desktop\CNN study\pictures data\Jumpers\imgi_284_7-1.jpg,Jumpers
C:\Users\Xinyan Wu\Desktop\CNN study\pictures data\Jumpers\imgi_285_7b-1.jpg,Jumpers
C:\Users\Xinyan Wu\Desktop\CNN study\pictures data\Jumpers\imgi_286_4-2.jpg,Jumpers
C:\Users\Xinyan Wu\Desktop\CNN study\pictures data\Jumpers\imgi_287_4b-2.jpg,Jumpers
C:\Users\Xinyan Wu\Desktop\CNN study\pictures data\Jumpers\imgi_288_4-1.jpg,Jumpers
C:\Users\Xinyan Wu\Desktop\CNN study\pictures data\Jumpers\imgi_289_4b-1.jpg,Jumpers
C:\Users\Xinyan Wu\Desktop\CNN study\pictures data\Jumpers\imgi_290_2-2.jpg,Jumpers
C:\Users\Xinyan Wu\Desktop\CNN study\pictures data\Jumpers\imgi_291_2b-2.jpg,Jumpers
C:\Users\Xinyan Wu\Desktop\CNN study\pictures data\Jumpers\imgi_292_2-1.jpg,Jumpers
C:\Users\Xinyan Wu\Desktop\CNN study\pictures data\Jumpers\imgi_293_2b-1.jpg,Jumpers
C:\Users\Xinyan Wu\Desktop\CNN study\pictures data\Jumpers\imgi_294_33-2.jpg,Jumpers
C:\Users\Xinyan Wu\Desktop\CNN study\pictures data\Jumpers\imgi_295_33b-2.jpg,Jumpers
C:\Users\Xinyan Wu\Desktop\CNN study\pictures data\Jumpers\imgi_296_33-1.jpg,Jumpers
C:\Users\Xinyan Wu\Desktop\CNN study\pictures data\Jumpers\imgi_297_33b-1.jpg,Jumpers
C:\Users\Xinyan Wu\Desktop\CNN study\pictures data\Jumpers\imgi_298_5-2.jpg,Jumpers
C:\Users\Xinyan Wu\Desktop\CNN study\pictures data\Jumpers\imgi_299_5b-2.jpg,Jumpers
C:\Users\Xinyan Wu\Desktop\CNN study\pictures data\Jumpers\imgi_29_21-2.jpg,Jumpers
C:\Users\Xinyan Wu\Desktop\CNN study\pictures data\Jumpers\imgi_300_5-1.jpg,Jumpers
C:\Users\Xinyan Wu\Desktop\CNN study\pictures data\Jumpers\imgi_301_5b-1.jpg,Jumpers
C:\Users\Xinyan Wu\Desktop\CNN study\pictures data\Jumpers\imgi_302_24-2.jpg,Jumpers
C:\Users\Xinyan Wu\Desktop\CNN study\pictures data\Jumpers\imgi_303_24b-2.jpg,Jumpers
C:\Users\Xinyan Wu\Desktop\CNN study\pictures data\Jumpers\imgi_304_24-1.jpg,Jumpers
C:\Users\Xinyan Wu\Desktop\CNN study\pictures data\Jumpers\imgi_305_24b-1.jpg,Jumpers
C:\Users\Xinyan Wu\Desktop\CNN study\pictures data\Jumpers\imgi_306_1b-2.jpg,Jumpers
C:\Users\Xinyan Wu\Desktop\CNN study\pictures data\Jumpers\imgi_307_1-2.jpg,Jumpers
C:\Users\Xinyan Wu\Desktop\CNN study\pictures data\Jumpers\imgi_308_1b-1.jpg,Jumpers
C:\Users\Xinyan Wu\Desktop\CNN study\pictures data\Jumpers\imgi_309_1-1.jpg,Jumpers
C:\Users\Xinyan Wu\Desktop\CNN study\pictures data\Jumpers\imgi_30_21b-2.jpg,Jumpers
C:\Users\Xinyan Wu\Desktop\CNN study\pictures data\Jumpers\imgi_310_2-2.jpg,Jumpers
C:\Users\Xinyan Wu\Desktop\CNN study\pictures data\Jumpers\imgi_311_2-1.jpg,Jumpers
C:\Users\Xinyan Wu\Desktop\CNN study\pictures data\Jumpers\imgi_312_20260116-ss26-vote_post2-th.jpg,Jumpers
C:\Users\Xinyan Wu\Desktop\CNN study\pictures data\Jumpers\imgi_314_20260115-ss26-vote_post2-th.jpg,Jumpers
C:\Users\Xinyan Wu\Desktop\CNN study\pictures data\Jumpers\imgi_31_21-1.jpg,Jumpers
C:\Users\Xinyan Wu\Desktop\CNN study\pictures data\Jumpers\imgi_32_21b-1.jpg,Jumpers
C:\Users\Xinyan Wu\Desktop\CNN study\pictures data\Jumpers\imgi_33_36c-2.jpg,Jumpers
C:\Users\Xinyan Wu\Desktop\CNN study\pictures data\Jumpers\imgi_34_36-2.jpg,Jumpers
C:\Users\Xinyan Wu\Desktop\CNN study\pictures data\Jumpers\imgi_35_36c-1.jpg,Jumpers
C:\Users\Xinyan Wu\Desktop\CNN study\pictures data\Jumpers\imgi_36_36-1.jpg,Jumpers
C:\Users\Xinyan Wu\Desktop\CNN study\pictures data\Jumpers\imgi_37_9-2.jpg,Jumpers
C:\Users\Xinyan Wu\Desktop\CNN study\pictures data\Jumpers\imgi_38_9b-2.jpg,Jumpers
C:\Users\Xinyan Wu\Desktop\CNN study\pictures data\Jumpers\imgi_39_9-1.jpg,Jumpers
C:\Users\Xinyan Wu\Desktop\CNN study\pictures data\Jumpers\imgi_40_9b-1.jpg,Jumpers
C:\Users\Xinyan Wu\Desktop\CNN study\pictures data\Jumpers\imgi_41_5c-2.jpg,Jumpers
C:\Users\Xinyan Wu\Desktop\CNN study\pictures data\Jumpers\imgi_42_5-2.jpg,Jumpers
C:\Users\Xinyan Wu\Desktop\CNN study\pictures data\Jumpers\imgi_43_5c-1.jpg,Jumpers
C:\Users\Xinyan Wu\Desktop\CNN study\pictures data\Jumpers\imgi_44_5-1.jpg,Jumpers
C:\Users\Xinyan Wu\Desktop\CNN study\pictures data\Jumpers\imgi_45_23-2.jpg,Jumpers
C:\Users\Xinyan Wu\Desktop\CNN study\pictures data\Jumpers\imgi_46_23b-2.jpg,Jumpers
C:\Users\Xinyan Wu\Desktop\CNN study\pictures data\Jumpers\imgi_47_23-1.jpg,Jumpers
C:\Users\Xinyan Wu\Desktop\CNN study\pictures data\Jumpers\imgi_48_23b-1.jpg,Jumpers
C:\Users\Xinyan Wu\Desktop\CNN study\pictures data\Jumpers\imgi_49_1-2.jpg,Jumpers
C:\Users\Xinyan Wu\Desktop\CNN study\pictures data\Jumpers\imgi_50_1b-2.jpg,Jumpers
C:\Users\Xinyan Wu\Desktop\CNN study\pictures data\Jumpers\imgi_51_1-1.jpg,Jumpers
C:\Users\Xinyan Wu\Desktop\CNN study\pictures data\Jumpers\imgi_52_1b-1.jpg,Jumpers
C:\Users\Xinyan Wu\Desktop\CNN study\pictures data\Jumpers\imgi_53_3-2.jpg,Jumpers
C:\Users\Xinyan Wu\Desktop\CNN study\pictures data\Jumpers\imgi_54_3b-2.jpg,Jumpers
C:\Users\Xinyan Wu\Desktop\CNN study\pictures data\Jumpers\imgi_55_3-1.jpg,Jumpers
C:\Users\Xinyan Wu\Desktop\CNN study\pictures data\Jumpers\imgi_56_3b-1.jpg,Jumpers
C:\Users\Xinyan Wu\Desktop\CNN study\pictures data\Jumpers\imgi_57_24-2.jpg,Jumpers
C:\Users\Xinyan Wu\Desktop\CNN study\pictures data\Jumpers\imgi_58_24b-2.jpg,Jumpers
C:\Users\Xinyan Wu\Desktop\CNN study\pictures data\Jumpers\imgi_59_24-1.jpg,Jumpers
C:\Users\Xinyan Wu\Desktop\CNN study\pictures data\Jumpers\imgi_60_24b-1.jpg,Jumpers
C:\Users\Xinyan Wu\Desktop\CNN study\pictures data\Jumpers\imgi_61_39-2.jpg,Jumpers
C:\Users\Xinyan Wu\Desktop\CNN study\pictures data\Jumpers\imgi_62_39b-2.jpg,Jumpers
C:\Users\Xinyan Wu\Desktop\CNN study\pictures data\Jumpers\imgi_63_39-1.jpg,Jumpers
C:\Users\Xinyan Wu\Desktop\CNN study\pictures data\Jumpers\imgi_64_39b-1.jpg,Jumpers
C:\Users\Xinyan Wu\Desktop\CNN study\pictures data\Jumpers\imgi_65_15-2.jpg,Jumpers
C:\Users\Xinyan Wu\Desktop\CNN study\pictures data\Jumpers\imgi_66_15b-2.jpg,Jumpers
C:\Users\Xinyan Wu\Desktop\CNN study\pictures data\Jumpers\imgi_67_15-1.jpg,Jumpers
C:\Users\Xinyan Wu\Desktop\CNN study\pictures data\Jumpers\imgi_68_15b-1.jpg,Jumpers
C:\Users\Xinyan Wu\Desktop\CNN study\pictures data\Jumpers\imgi_69_24-2.jpg,Jumpers
C:\Users\Xinyan Wu\Desktop\CNN study\pictures data\Jumpers\imgi_70_24b-2.jpg,Jumpers
C:\Users\Xinyan Wu\Desktop\CNN study\pictures data\Jumpers\imgi_71_24-1.jpg,Jumpers
C:\Users\Xinyan Wu\Desktop\CNN study\pictures data\Jumpers\imgi_72_24b-1.jpg,Jumpers
C:\Users\Xinyan Wu\Desktop\CNN study\pictures data\Jumpers\imgi_73_9c-2.jpg,Jumpers
C:\Users\Xinyan Wu\Desktop\CNN study\pictures data\Jumpers\imgi_74_9-2.jpg,Jumpers
C:\Users\Xinyan Wu\Desktop\CNN study\pictures data\Jumpers\imgi_75_9c-1.jpg,Jumpers
C:\Users\Xinyan Wu\Desktop\CNN study\pictures data\Jumpers\imgi_76_9-1.jpg,Jumpers
C:\Users\Xinyan Wu\Desktop\CNN study\pictures data\Jumpers\imgi_77_16-2.jpg,Jumpers
C:\Users\Xinyan Wu\Desktop\CNN study\pictures data\Jumpers\imgi_78_16b-2.jpg,Jumpers
C:\Users\Xinyan Wu\Desktop\CNN study\pictures data\Jumpers\imgi_79_16-1.jpg,Jumpers
C:\Users\Xinyan Wu\Desktop\CNN study\pictures data\Jumpers\imgi_80_16b-1.jpg,Jumpers
C:\Users\Xinyan Wu\Desktop\CNN study\pictures data\Jumpers\imgi_81_19b-2.jpg,Jumpers
C:\Users\Xinyan Wu\Desktop\CNN study\pictures data\Jumpers\imgi_82_19-2.jpg,Jumpers
C:\Users\Xinyan Wu\Desktop\CNN study\pictures data\Jumpers\imgi_83_19b-1.jpg,Jumpers
C:\Users\Xinyan Wu\Desktop\CNN study\pictures data\Jumpers\imgi_84_19-1.jpg,Jumpers
C:\Users\Xinyan Wu\Desktop\CNN study\pictures data\Jumpers\imgi_85_2-2.jpg,Jumpers
C:\Users\Xinyan Wu\Desktop\CNN study\pictures data\Jumpers\imgi_86_2b-2.jpg,Jumpers
C:\Users\Xinyan Wu\Desktop\CNN study\pictures data\Jumpers\imgi_87_2-1.jpg,Jumpers
C:\Users\Xinyan Wu\Desktop\CNN study\pictures data\Jumpers\imgi_88_2b-1.jpg,Jumpers
C:\Users\Xinyan Wu\Desktop\CNN study\pictures data\Jumpers\imgi_89_6-2.jpg,Jumpers
C:\Users\Xinyan Wu\Desktop\CNN study\pictures data\Jumpers\imgi_90_6b-2.jpg,Jumpers
C:\Users\Xinyan Wu\Desktop\CNN study\pictures data\Jumpers\imgi_91_6-1.jpg,Jumpers
C:\Users\Xinyan Wu\Desktop\CNN study\pictures data\Jumpers\imgi_92_6b-1.jpg,Jumpers
C:\Users\Xinyan Wu\Desktop\CNN study\pictures data\Jumpers\imgi_93_3-2.jpg,Jumpers
C:\Users\Xinyan Wu\Desktop\CNN study\pictures data\Jumpers\imgi_94_3b-2.jpg,Jumpers
C:\Users\Xinyan Wu\Desktop\CNN study\pictures data\Jumpers\imgi_95_3-1.jpg,Jumpers
C:\Users\Xinyan Wu\Desktop\CNN study\pictures data\Jumpers\imgi_96_3b-1.jpg,Jumpers
C:\Users\Xinyan Wu\Desktop\CNN study\pictures data\Jumpers\imgi_97_34b-2.jpg,Jumpers
C:\Users\Xinyan Wu\Desktop\CNN study\pictures data\Jumpers\imgi_98_34-2.jpg,Jumpers
C:\Users\Xinyan Wu\Desktop\CNN study\pictures data\Jumpers\imgi_99_34b-1.jpg,Jumpers
